Workbook
Name POWER_USER_EXCEL_CHART_D8D87AC5_6C52_436B_B3DE_CF445431689B: 'KRIs calculations'!#REF!

Sheet Portfolio Return
A1: Date | B1: Beginning Portfolio Value | C1: Ending Portfolio Value | D1: Available to Invest | E1: Total broker fees | F1: Total Brokers fees(0.2%) | G1: Daily unrealized capital loss/gain | H1: return | I1: (1+return)
B2: 0 | C2: 0 | D2: 406.912 | E2: 0 | G2: - | H2: - | I2: - | J2: Geometric Return Portfolio | L2: Date | M2: portfolio | N2: TUNINDEX | O2: TUNINDEX(1+TUNINDEX) | P2: geometric return TUNINDEX
A3: 46006 | B3: 373.62 | C3: 372.68 | D3: 29.52 | E3: =$D$2-$C$3-$D$3 -> 4.712 | F3: ='One tech Holding'!E3+POULINA!E3+UNIMED!E3+AMV!E3+'Attijari Bank'!E3+ESSOUKNA!E3+'SMART TUNISIE'!E3 -> 0.74724 | G3: =C3-B3 -> -0.94 | H3: =C3/B3-1 -> -0.0025159253 | I3: =1+H3 -> 0.99748407 | J3: =PRODUCT($I$3:I3) -> 0.99748407 | L3: =A3 -> 46006 | M3: =H3 -> -0.0025159253 | N3: -0.0027 | O3: =1+N3 -> 0.9973 | P3: =PRODUCT($O$3:O3) -> 0.9973
A4: 46007 | B4: =C3 -> 372.68 | C4: =372.28 -> 372.28 | D4: 29.52 | E4: =$D$2-$C$3-$D$3 -> 4.712 | F4: ='One tech Holding'!E4+POULINA!E4+UNIMED!E4+AMV!E4+'Attijari Bank'!E4+ESSOUKNA!E4+'SMART TUNISIE'!E4 -> 0.74724 | G4: =C4-B4 -> -0.4 | H4: =C4/B4-1 -> -0.0010733069 | I4: =1+H4 -> 0.99892669 | J4: =PRODUCT($I$3:I4) -> 0.99641347 | L4: =A4 -> 46007 | M4: =+H4 -> -0.0010733069 | N4: -0.0008 | O4: =1+N4 -> 0.9992 | P4: =PRODUCT($O$3:O4) -> 0.99650216
A5: 46008 | B5: =C4 -> 372.28 | C5: =372.28 -> 372.28 | D5: 29.52 | E5: =$D$2-$C$3-$D$3 -> 4.712 | F5: ='One tech Holding'!E5+POULINA!E5+UNIMED!E5+AMV!E5+'Attijari Bank'!E5+ESSOUKNA!E5+'SMART TUNISIE'!E5 -> 0.74724 | G5: =C5-B5 -> 0 | H5: =C5/B5-1 -> 0 | I5: =1+H5 -> 1 | J5: =PRODUCT($I$3:I5) -> 0.99641347 | L5: =A5 -> 46008 | M5: =+H5 -> 0 | N5: -0.0008 | O5: =1+N5 -> 0.9992 | P5: =PRODUCT($O$3:O5) -> 0.99570496
A6: 46009 | B6: =C5 -> 372.28 | C6: 373.95 | D6: 29.52 | E6: =$D$2-$C$3-$D$3 -> 4.712 | F6: ='One tech Holding'!E6+POULINA!E6+UNIMED!E6+AMV!E6+'Attijari Bank'!E6+ESSOUKNA!E6+'SMART TUNISIE'!E6 -> 0.74724 | G6: =C6-B6 -> 1.67 | H6: =C6/B6-1 -> 0.0044858708 | I6: =1+H6 -> 1.0044859 | J6: =PRODUCT($I$3:I6) -> 1.0008833 | L6: =A6 -> 46009 | M6: =+H6 -> 0.0044858708 | N6: 0.003 | O6: =1+N6 -> 1.003 | P6: =PRODUCT($O$3:O6) -> 0.99869207
A7: 46010 | B7: =C6 -> 373.95 | C7: 373.7 | D7: 29.52 | E7: =$D$2-$C$3-$D$3 -> 4.712 | F7: ='One tech Holding'!E7+POULINA!E7+UNIMED!E7+AMV!E7+'Attijari Bank'!E7+ESSOUKNA!E7+'SMART TUNISIE'!E7 -> 0.74724 | G7: =C7-B7 -> -0.25 | H7: =C7/B7-1 -> -0.00066853857 | I7: =1+H7 -> 0.99933146 | J7: =PRODUCT($I$3:I7) -> 1.0002141 | L7: =A7 -> 46010 | M7: =+H7 -> -0.00066853857 | N7: 0.0027 | O7: =1+N7 -> 1.0027 | P7: =PRODUCT($O$3:O7) -> 1.0013885
A8: 46013 | B8: =C7 -> 373.7 | C8: 373.06 | D8: 29.52 | E8: =$D$2-$C$3-$D$3 -> 4.712 | F8: ='One tech Holding'!E8+POULINA!E8+UNIMED!E8+AMV!E8+'Attijari Bank'!E8+ESSOUKNA!E8+'SMART TUNISIE'!E8 -> 0.74724 | G8: =C8-B8 -> -0.64 | H8: =C8/B8-1 -> -0.0017126037 | I8: =1+H8 -> 0.9982874 | J8: =PRODUCT($I$3:I8) -> 0.99850115 | L8: =A8 -> 46013 | M8: =+H8 -> -0.0017126037 | N8: 0.0013 | O8: =1+N8 -> 1.0013 | P8: =PRODUCT($O$3:O8) -> 1.0026903
A9: 46014 | B9: =C8 -> 373.06 | C9: 372.52 | D9: 29.52 | E9: =$D$2-$C$3-$D$3 -> 4.712 | F9: ='One tech Holding'!E9+POULINA!E9+UNIMED!E9+AMV!E9+'Attijari Bank'!E9+ESSOUKNA!E9+'SMART TUNISIE'!E9 -> 0.74724 | G9: =C9-B9 -> -0.54 | H9: =C9/B9-1 -> -0.0014474883 | I9: =1+H9 -> 0.99855251 | J9: =PRODUCT($I$3:I9) -> 0.99705583 | L9: =A9 -> 46014 | M9: =+H9 -> -0.0014474883 | N9: -0.0011 | O9: =1+N9 -> 0.9989 | P9: =PRODUCT($O$3:O9) -> 1.0015874
A10: 46015 | B10: =C9 -> 372.52 | C10: 371.98 | D10: 29.52 | E10: =$D$2-$C$3-$D$3 -> 4.712 | F10: ='One tech Holding'!E10+POULINA!E10+UNIMED!E10+AMV!E10+'Attijari Bank'!E10+ESSOUKNA!E10+'SMART TUNISIE'!E10 -> 0.74724 | G10: =C10-B10 -> -0.54 | H10: =C10/B10-1 -> -0.0014495866 | I10: =1+H10 -> 0.99855041 | J10: =PRODUCT($I$3:I10) -> 0.99561051 | L10: =A10 -> 46015 | M10: =+H10 -> -0.0014495866 | N10: 0.0026 | O10: =1+N10 -> 1.0026 | P10: =PRODUCT($O$3:O10) -> 1.0041915
A11: 46016 | B11: =C10 -> 371.98 | C11: 372.93 | D11: 29.52 | E11: =$D$2-$C$3-$D$3 -> 4.712 | F11: ='One tech Holding'!E11+POULINA!E11+UNIMED!E11+AMV!E11+'Attijari Bank'!E11+ESSOUKNA!E11+'SMART TUNISIE'!E11 -> 0.74724 | G11: =C11-B11 -> 0.95 | H11: =C11/B11-1 -> 0.0025539007 | I11: =1+H11 -> 1.0025539 | J11: =PRODUCT($I$3:I11) -> 0.9981532 | L11: =A11 -> 46016 | M11: =+H11 -> 0.0025539007 | N11: -0.0029 | O11: =1+N11 -> 0.9971 | P11: =PRODUCT($O$3:O11) -> 1.0012794
A12: 46017 | B12: =C11 -> 372.93 | C12: 374.48 | D12: 29.52 | E12: =$D$2-$C$3-$D$3 -> 4.712 | F12: ='One tech Holding'!E12+POULINA!E12+UNIMED!E12+AMV!E12+'Attijari Bank'!E12+ESSOUKNA!E12+'SMART TUNISIE'!E12 -> 0.74724 | G12: =C12-B12 -> 1.55 | H12: =C12/B12-1 -> 0.004156276 | I12: =1+H12 -> 1.0041563 | J12: =PRODUCT($I$3:I12) -> 1.0023018 | L12: =A12 -> 46017 | M12: =+H12 -> 0.004156276 | N12: 0.0004 | O12: =1+N12 -> 1.0004 | P12: =PRODUCT($O$3:O12) -> 1.0016799
A13: 46020 | B13: =C12 -> 374.48 | C13: ='One tech Holding'!C13+POULINA!C13+UNIMED!C13+AMV!C13+ESSOUKNA!C13+'Attijari Bank'!C13+'SMART TUNISIE'!C13 -> 376.5 | D13: 401.948 | E13: =C13+D12-D13+E12 -> 8.784 | F13: ='One tech Holding'!E13+POULINA!E13+UNIMED!E13+AMV!E13+'Attijari Bank'!E13+ESSOUKNA!E13+'SMART TUNISIE'!E13 -> 1.50024 | G13: =C13-B13 -> 2.02 | H13: =C13/B13-1 -> 0.0053941465 | I13: =1+H13 -> 1.0053941 | J13: =PRODUCT($I$3:I13) -> 1.0077084 | L13: =A13 -> 46020 | M13: =+H13 -> 0.0053941465 | N13: 0.001 | O13: =1+N13 -> 1.001 | P13: =PRODUCT($O$3:O13) -> 1.0026816
B14: Net Ending Portfolio | C14: =C13-F13 -> 374.99976
A15: rf yearly | B15: 0.0751
A16: rf daily | B16: =((1+B15)^(1/365))-1 -> 0.00019841333
A18: Average Daily Return | B18: =AVERAGE(H3:H12) -> 0.00023285982
A19: Annualized Average Daily Return | B19: =B18*365 -> 0.084993836
A20: Daily Volatility | B20: =_xlfn.STDEV.S(H3:H12) -> 0.0025481188
A21: Annualized Volatility | B21: =B20*SQRT(252) -> 0.040450132
A22: TWR | B22: =(GEOMEAN(I3:I12)-1) -> 0.00022994232 | E22: Note: For consistency, to annualize returns we used number of days equal to 365 instead of 252 and considered the number of days 15 (difference between starting day and ending day) , since we are working with the risk free rate of zero-coupon bonds provided by Tunisie Clearing that was calculated using a base of 365 days.(source:https://www.tunisieclearing.com/upload/202103/note%20corporate%20vf.pdf)
A23: MWR | B23: =C13/B3-1 -> 0.0077083668
A24: Annualized MWR | B24: =(1+B23)^(365/15)-1 -> 0.20544769
A25: sharpe ratio | B25: =(B19-B15)/B21 -> 0.24459341
A26: Average unrealized capital gain/loss | B26: =AVERAGE(G3:G12) -> 0.086
A28: diversification ratio
A29: ='KRIs calculations'!T3 -> 0.24867939
A31: =A3 -> 46006 | B31: =-B3 -> -373.62
A32: =A13 -> 46020 | B32: =C13 -> 376.5

Sheet KRIs calculations
K1: market variance | L1: =_xlfn.STDEV.S(L13:L27)^2 -> 5.6781818e-06
A2: mean return | B2: =AVERAGE(B8:B18) -> -0.00012958485 | C2: =AVERAGE(C8:C18) -> 0.00071252994 | D2: =AVERAGE(D8:D18) -> 0.0017707348 | E2: =AVERAGE(E8:E18) -> -0.00059926319 | F2: =AVERAGE(F8:F18) -> 0.0012721329 | G2: =AVERAGE(G8:G18) -> 0.0028183827 | H2: =AVERAGE(H8:H18) -> 0.0024165527 | S2: sum | T2: diversification ratio
A3: volatility | B3: =_xlfn.STDEV.S(B8:B18) -> 0.0066302947 | C3: =_xlfn.STDEV.S(C8:C18) -> 0.009543432 | D3: =_xlfn.STDEV.S(D8:D18) -> 0.012760804 | E3: =_xlfn.STDEV.S(E8:E18) -> 0.0070420891 | F3: =_xlfn.STDEV.S(F8:F18) -> 0.012463228 | G3: =_xlfn.STDEV.S(G8:G18) -> 0.0052378777 | H3: =_xlfn.STDEV.S(H8:H18) -> 0.028268888 | K3: Weight*volatility | L3: =B36*B3 -> 0.0023512159 | M3: =C36*C3 -> 0.001031202 | N3: =D36*D3 -> 0.00064162134 | O3: =E36*E3 -> 0.0014945459 | P3: =F36*F3 -> 0.00029881284 | Q3: =G36*G3 -> 0.0012661663 | R3: =H36*H3 -> 0.00023790735 | S3: =SUM(L3:R3) -> 0.0073214716 | T3: =_xlfn.STDEV.S(K13:K23)/S3 -> 0.24867939
A4: beta | B4: =(_xlfn.COVARIANCE.S(B8:B18,$L$13:$L$23))/$L$1 -> 0.60450532 | C4: =(_xlfn.COVARIANCE.S(C8:C18,$L$13:$L$23))/$L$1 -> 0.6507302 | D4: =(_xlfn.COVARIANCE.S(D8:D18,$L$13:$L$23))/$L$1 -> -1.9208046 | E4: =(_xlfn.COVARIANCE.S(E8:E18,$L$13:$L$23))/$L$1 -> -1.4462313 | F4: =(_xlfn.COVARIANCE.S(F8:F18,$L$13:$L$23))/$L$1 -> -2.3174806 | G4: =(_xlfn.COVARIANCE.S(G8:G18,$L$13:$L$23))/$L$1 -> -0.83886399 | H4: =(_xlfn.COVARIANCE.S(H8:H18,$L$13:$L$23))/$L$1 -> 2.9355572
A5: contribution to return | B5: =B2*B36 -> -4.5953002e-05 | C5: =C2*C36 -> 7.6991411e-05 | D5: =D2*D36 -> 8.9033672e-05 | E5: =E2*E36 -> -0.00012718191 | F5: =F2*F36 -> 3.0500094e-05 | G5: =G2*G36 -> 0.00068129524 | H5: =H2*H36 -> 2.0337399e-05
A6: Returns
A7: Date | B7: Attijari Bank | C7: AMV | D7: SMART TUNISIE | E7: One Tech Holding | F7: UNIMED | G7: POULINA | H7: ESSOUKNA
A8: ='Portfolio Return'!A3 -> 46006 | B8: ='Attijari Bank'!D3 -> -0.013452915 | C8: =AMV!D3 -> -0.002962963 | D8: ='SMART TUNISIE'!D3 -> 0 | E8: ='One tech Holding'!D3 -> 0.0056818182 | F8: =UNIMED!D3 -> -0.0022172949 | G8: =POULINA!D3 -> 0.0061486864 | H8: =ESSOUKNA!D3 -> 0
A9: ='Portfolio Return'!A4 -> 46007 | B9: ='Attijari Bank'!D4 -> 0.0074242424 | C9: =AMV!D4 -> -0.011887073 | D9: ='SMART TUNISIE'!D4 -> -0.014531755 | E9: ='One tech Holding'!D4 -> -0.0056497175 | F9: =UNIMED!D4 -> -0.011111111 | G9: =POULINA!D4 -> -0.0011111111 | H9: =ESSOUKNA!D4 -> 0.006514658
A10: ='Portfolio Return'!A5 -> 46008 | B10: ='Attijari Bank'!D5 -> 0 | C10: =AMV!D5 -> 0 | D10: ='SMART TUNISIE'!D5 -> 0 | E10: ='One tech Holding'!D5 -> 0 | F10: =UNIMED!D5 -> 0 | G10: =POULINA!D5 -> 0 | H10: =ESSOUKNA!D5 -> 0
A11: ='Portfolio Return'!A6 -> 46009 | B11: ='Attijari Bank'!D6 -> -0.0015039856 | C11: =AMV!D6 -> 0.007518797 | D11: ='SMART TUNISIE'!D6 -> 0.037138176 | E11: ='One tech Holding'!D6 -> 0.011363636 | F11: =UNIMED!D6 -> 0.008988764 | G11: =POULINA!D6 -> -0.0016685206 | H11: =ESSOUKNA!D6 -> 0.019417476
A12: ='Portfolio Return'!A7 -> 46010 | B12: ='Attijari Bank'!D7 -> -0.0060250038 | C12: =AMV!D7 -> 0.014925373 | D12: ='SMART TUNISIE'!D7 -> -0.0047393365 | E12: ='One tech Holding'!D7 -> -0.0033707865 | F12: =UNIMED!D7 -> -0.008908686 | G12: =POULINA!D7 -> 0.0027855153 | H12: =ESSOUKNA!D7 -> 0.044444444 | J12: Date | K12: portfolio return | L12: TUNINDEX | O12: portfolio value | P12: Cummulative Max | Q12: Drawdown
A13: ='Portfolio Return'!A8 -> 46013 | B13: ='Attijari Bank'!D8 -> -0.0043946052 | C13: =AMV!D8 -> 0 | D13: ='SMART TUNISIE'!D8 -> 0.0052910053 | E13: ='One tech Holding'!D8 -> -0.0022547914 | F13: =UNIMED!D8 -> 0.017977528 | G13: =POULINA!D8 -> 0 | H13: =ESSOUKNA!D8 -> -0.042553191 | J13: =A8 -> 46006 | K13: -0.0019386667 | L13: -0.0011 | O13: ='Portfolio Return'!B3 -> 373.62 | P13: =MAX($O$13:O13) -> 373.62 | Q13: =O13/P13-1 -> 0
A14: ='Portfolio Return'!A9 -> 46014 | B14: ='Attijari Bank'!D9 -> 0 | C14: =AMV!D9 -> -0.014705882 | D14: ='SMART TUNISIE'!D9 -> 0 | E14: ='One tech Holding'!D9 -> -0.0033898305 | F14: =UNIMED!D9 -> -0.0066225166 | G14: =POULINA!D9 -> 0.005 | H14: =ESSOUKNA!D9 -> -0.019047619 | J14: =A9 -> 46007 | K14: 0.0022376714 | L14: 0.003 | O14: ='Portfolio Return'!B3 -> 373.62 | P14: =MAX($O$13:O14) -> 373.62 | Q14: =O14/P14-1 -> 0
A15: ='Portfolio Return'!A10 -> 46015 | B15: ='Attijari Bank'!D10 -> 0.002891933 | C15: =AMV!D10 -> 0.0074626866 | D15: ='SMART TUNISIE'!D10 -> -0.0026315789 | E15: ='One tech Holding'!D10 -> -0.0079365079 | F15: =UNIMED!D10 -> -0.011111111 | G15: =POULINA!D10 -> -0.0049751244 | H15: =ESSOUKNA!D10 -> 0.003236246 | J15: =A10 -> 46008 | K15: -0.0015662052 | L15: -0.0044 | O15: ='Portfolio Return'!B4 -> 372.68 | P15: =MAX($O$13:O15) -> 373.62 | Q15: =O15/P15-1 -> -0.0025159253
A16: ='Portfolio Return'!A11 -> 46016 | B16: ='Attijari Bank'!D11 -> 0 | C16: =AMV!D11 -> -0.0059259259 | D16: ='SMART TUNISIE'!D11 -> -0.0026385224 | E16: ='One tech Holding'!D11 -> -0.0011428571 | F16: =UNIMED!D11 -> 0 | G16: =POULINA!D11 -> 0.013888889 | H16: =ESSOUKNA!D11 -> 0.025806452 | J16: =A11 -> 46009 | K16: 0.00076764311 | L16: -0.0016 | O16: ='Portfolio Return'!B5 -> 372.28 | P16: =MAX($O$13:O16) -> 373.62 | Q16: =O16/P16-1 -> -0.0035865318
A17: ='Portfolio Return'!A12 -> 46017 | B17: ='Attijari Bank'!D12 -> 0.011534375 | C17: =AMV!D12 -> 0 | D17: ='SMART TUNISIE'!D12 -> 0.0026455026 | E17: ='One tech Holding'!D12 -> -0.010297483 | F17: =UNIMED!D12 -> -0.0011235955 | G17: =POULINA!D12 -> 0.0076712329 | H17: =ESSOUKNA!D12 -> 0.031446541 | J17: =A12 -> 46010 | K17: 0.0012719094 | L17: 0.0028 | O17: ='Portfolio Return'!B6 -> 372.28 | P17: =MAX($O$13:O17) -> 373.62 | Q17: =O17/P17-1 -> -0.0035865318
A18: ='Portfolio Return'!A13 -> 46020 | B18: ='Attijari Bank'!D13 -> 0.0021005251 | C18: =AMV!D13 -> 0.013412817 | D18: ='SMART TUNISIE'!D13 -> -0.001055409 | E18: ='One tech Holding'!D13 -> 0.010404624 | F18: =UNIMED!D13 -> 0.028121485 | G18: =POULINA!D13 -> 0.0032626427 | H18: =ESSOUKNA!D13 -> -0.042682927 | J18: =A13 -> 46013 | K18: -6.6615644e-05 | L18: -0.0006 | O18: ='Portfolio Return'!B7 -> 373.95 | P18: =MAX($O$13:O18) -> 373.95 | Q18: =O18/P18-1 -> 0
J19: =A14 -> 46014 | K19: -0.0034642442 | L19: -0.0011 | O19: ='Portfolio Return'!B8 -> 373.7 | P19: =MAX($O$13:O19) -> 373.95 | Q19: =O19/P19-1 -> -0.00066853857
J20: =A15 -> 46015 | K20: 0.0027302223 | L20: 0.0026 | O20: ='Portfolio Return'!B9 -> 373.06 | P20: =MAX($O$13:O20) -> 373.95 | Q20: =O20/P20-1 -> -0.0023799973
J21: =A16 -> 46016 | K21: -0.00011733858 | L21: -0.0029 | O21: ='Portfolio Return'!B10 -> 372.52 | P21: =MAX($O$13:O21) -> 373.95 | Q21: =O21/P21-1 -> -0.0038240406
J22: =A17 -> 46017 | K22: 0.00011901929 | L22: 0.0004 | O22: ='Portfolio Return'!B11 -> 371.98 | P22: =MAX($O$13:O22) -> 373.95 | Q22: =O22/P22-1 -> -0.005268084
A23: ='Portfolio Return'!A18 -> Average Daily Return | B23: Weights | J23: =A18 -> 46020 | K23: -0.00051262208 | L23: -0.0012 | O23: ='Portfolio Return'!B12 -> 372.93 | P23: =MAX($O$13:O23) -> 373.95 | Q23: =O23/P23-1 -> -0.0027276374
A24: Date | B24: =B7 -> Attijari Bank | C24: =C7 -> AMV | D24: =D7 -> SMART TUNISIE | E24: =E7 -> One Tech Holding | F24: =F7 -> UNIMED | G24: =G7 -> POULINA | H24: =H7 -> ESSOUKNA | O24: ='Portfolio Return'!B13 -> 374.48 | P24: =MAX($O$13:O24) -> 374.48 | Q24: =O24/P24-1 -> 0
A25: =A8 -> 46006 | B25: ='Attijari Bank'!F3 -> 0.35902114 | C25: =AMV!F3 -> 0.10867232 | D25: ='SMART TUNISIE'!F3 -> 0.049855104 | E25: ='One tech Holding'!F3 -> 0.21251476 | F25: =UNIMED!F3 -> 0.02420307 | G25: =POULINA!F3 -> 0.24001825 | H25: =ESSOUKNA!F3 -> 0.0082376301 | P25: Max Drawdown | Q25: =MIN(Q13:Q24) -> -0.005268084
A26: =A9 -> 46007 | B26: ='Attijari Bank'!F4 -> 0.35457183 | C26: =AMV!F4 -> 0.10846675 | D26: ='SMART TUNISIE'!F4 -> 0.049908671 | E26: ='One tech Holding'!F4 -> 0.21395186 | F26: =UNIMED!F4 -> 0.024175352 | G26: =POULINA!F4 -> 0.24175352 | H26: =ESSOUKNA!F4 -> 0.0082464811
A27: =A10 -> 46008 | B27: ='Attijari Bank'!F5 -> 0.35720425 | C27: =AMV!F5 -> 0.10717739 | D27: ='SMART TUNISIE'!F5 -> 0.04918341 | E27: ='One tech Holding'!F5 -> 0.2127431 | F27: =UNIMED!F5 -> 0.023906737 | G27: =POULINA!F5 -> 0.2414849 | H27: =ESSOUKNA!F5 -> 0.0083002041
A28: =A11 -> 46009 | B28: ='Attijari Bank'!F6 -> 0.35560904 | C28: =AMV!F6 -> 0.10669876 | D28: ='SMART TUNISIE'!F6 -> 0.048963765 | E28: ='One tech Holding'!F6 -> 0.21179302 | F28: =UNIMED!F6 -> 0.023799973 | G28: =POULINA!F6 -> 0.24040647 | H28: =ESSOUKNA!F6 -> 0.0082631368
A29: =A12 -> 46010 | B29: ='Attijari Bank'!F7 -> 0.35531175 | C29: =AMV!F7 -> 0.10757292 | D29: ='SMART TUNISIE'!F7 -> 0.050816163 | E29: ='One tech Holding'!F7 -> 0.21434306 | F29: =UNIMED!F7 -> 0.024029971 | G29: =POULINA!F7 -> 0.24016591 | H29: =ESSOUKNA!F7 -> 0.0084292213
A30: =A13 -> 46013 | B30: ='Attijari Bank'!F8 -> 0.35377687 | C30: =AMV!F8 -> 0.10936579 | D30: ='SMART TUNISIE'!F8 -> 0.050662092 | E30: ='One tech Holding'!F8 -> 0.21398703 | F30: =UNIMED!F8 -> 0.023856752 | G30: =POULINA!F8 -> 0.24124806 | H30: =ESSOUKNA!F8 -> 0.0088189567
A31: =A14 -> 46014 | B31: ='Attijari Bank'!F9 -> 0.35273274 | C31: =AMV!F9 -> 0.10952432 | D31: ='SMART TUNISIE'!F9 -> 0.051003973 | E31: ='One tech Holding'!F9 -> 0.21381402 | F31: =UNIMED!F9 -> 0.024320842 | G31: =POULINA!F9 -> 0.24159777 | H31: =ESSOUKNA!F9 -> 0.0084559218
A32: =A15 -> 46015 | B32: ='Attijari Bank'!F10 -> 0.3532448 | C32: =AMV!F10 -> 0.10807033 | D32: ='SMART TUNISIE'!F10 -> 0.051078015 | E32: ='One tech Holding'!F10 -> 0.21339857 | F32: =UNIMED!F10 -> 0.024194849 | G32: =POULINA!F10 -> 0.24315823 | H32: =ESSOUKNA!F10 -> 0.0083068982
A33: =A16 -> 46016 | B33: ='Attijari Bank'!F11 -> 0.3533639 | C33: =AMV!F11 -> 0.10859947 | D33: ='SMART TUNISIE'!F11 -> 0.050813826 | E33: ='One tech Holding'!F11 -> 0.21116563 | F33: =UNIMED!F11 -> 0.023865069 | G33: =POULINA!F11 -> 0.24133215 | H33: =ESSOUKNA!F11 -> 0.008312552
A34: =A17 -> 46017 | B34: ='Attijari Bank'!F12 -> 0.3519013 | C34: =AMV!F12 -> 0.10750908 | D34: ='SMART TUNISIE'!F12 -> 0.050469985 | E34: ='One tech Holding'!F12 -> 0.21005127 | F34: =UNIMED!F12 -> 0.023766289 | G34: =POULINA!F12 -> 0.24367122 | H34: =ESSOUKNA!F12 -> 0.0084917753
A35: =A18 -> 46020 | B35: ='Attijari Bank'!F13 -> 0.35405046 | C35: =AMV!F13 -> 0.10693227 | D35: ='SMART TUNISIE'!F13 -> 0.050332005 | E35: ='One tech Holding'!F13 -> 0.20677291 | F35: =UNIMED!F13 -> 0.023612218 | G35: =POULINA!F13 -> 0.24422311 | H35: =ESSOUKNA!F13 -> 0.0087118194
A36: Average Weight | B36: =AVERAGE(B25:B35) -> 0.3546171 | C36: =AVERAGE(C25:C35) -> 0.10805358 | D36: =AVERAGE(D25:D35) -> 0.050280637 | E36: =AVERAGE(E25:E35) -> 0.21223048 | F36: =AVERAGE(F25:F35) -> 0.023975556 | G36: =AVERAGE(G25:G35) -> 0.24173269 | H36: =AVERAGE(H25:H35) -> 0.0084158724

Sheet One tech Holding
A1: Date | B1: Buy Price | C1: Close Price | D1: Return | E1: Broker's fees | F1: Weight | G1: Unrealized Capital Gain/Loss | I1: portfolio value
A3: 46006 | B3: 79.2 | C3: 79.65 | D3: =C3/B3-1 -> 0.0056818182 | E3: =0.2*$B$3/100 -> 0.1584 | F3: =B3/I3 -> 0.21251476 | G3: =C3-B3 -> 0.45 | I3: ='Portfolio Return'!C3 -> 372.68
A4: 46007 | B4: =C3 -> 79.65 | C4: 79.2 | D4: =C4/B4-1 -> -0.0056497175 | E4: =0.2*$B$3/100 -> 0.1584 | F4: =B4/I4 -> 0.21395186 | G4: =C4-B4 -> -0.45 | I4: ='Portfolio Return'!C4 -> 372.28
A5: 46008 | B5: =C4 -> 79.2 | C5: 79.2 | D5: =C5/B5-1 -> 0 | E5: =0.2*$B$3/100 -> 0.1584 | F5: =B5/I5 -> 0.2127431 | G5: =C5-B5 -> 0 | I5: ='Portfolio Return'!C5 -> 372.28
A6: 46009 | B6: =C5 -> 79.2 | C6: 80.1 | D6: =C6/B6-1 -> 0.011363636 | E6: =0.2*$B$3/100 -> 0.1584 | F6: =B6/I6 -> 0.21179302 | G6: =C6-B6 -> 0.9 | I6: ='Portfolio Return'!C6 -> 373.95
A7: 46010 | B7: =C6 -> 80.1 | C7: 79.83 | D7: =C7/B7-1 -> -0.0033707865 | E7: =0.2*$B$3/100 -> 0.1584 | F7: =B7/I7 -> 0.21434306 | G7: =C7-B7 -> -0.27 | I7: ='Portfolio Return'!C7 -> 373.7
A8: 46013 | B8: =C7 -> 79.83 | C8: 79.65 | D8: =C8/B8-1 -> -0.0022547914 | E8: =0.2*$B$3/100 -> 0.1584 | F8: =B8/I8 -> 0.21398703 | G8: =C8-B8 -> -0.18 | I8: ='Portfolio Return'!C8 -> 373.06
A9: 46014 | B9: =C8 -> 79.65 | C9: 79.38 | D9: =C9/B9-1 -> -0.0033898305 | E9: =0.2*$B$3/100 -> 0.1584 | F9: =B9/I9 -> 0.21381402 | G9: =C9-B9 -> -0.27 | I9: ='Portfolio Return'!C9 -> 372.52
A10: 46015 | B10: =C9 -> 79.38 | C10: 78.75 | D10: =C10/B10-1 -> -0.0079365079 | E10: =0.2*$B$3/100 -> 0.1584 | F10: =B10/I10 -> 0.21339857 | G10: =C10-B10 -> -0.63 | I10: ='Portfolio Return'!C10 -> 371.98
A11: 46016 | B11: =C10 -> 78.75 | C11: 78.66 | D11: =C11/B11-1 -> -0.0011428571 | E11: =0.2*$B$3/100 -> 0.1584 | F11: =B11/I11 -> 0.21116563 | G11: =C11-B11 -> -0.09 | I11: ='Portfolio Return'!C11 -> 372.93
A12: 46017 | B12: =C11 -> 78.66 | C12: 77.85 | D12: =C12/B12-1 -> -0.010297483 | E12: =0.2*$B$3/100 -> 0.1584 | F12: =B12/I12 -> 0.21005127 | G12: =C12-B12 -> -0.81 | I12: ='Portfolio Return'!C12 -> 374.48
A13: 46020 | B13: =C12 -> 77.85 | C13: =8.74*9 -> 78.66 | D13: =C13/B13-1 -> 0.010404624 | E13: =C13*0.2/100+E3 -> 0.31572 | F13: =B13/I13 -> 0.20677291 | G13: =C13-B13 -> 0.81 | I13: ='Portfolio Return'!C13 -> 376.5

Sheet POULINA
A1: Date | B1: Buy Price | C1: Close Price | D1: Return | E1: Broker's fees | F1: Weight | G1: Unrealized Capital Gain/Loss | I1: Portfolio Value
A3: 46006 | B3: 89.45 | C3: 90 | D3: =C3/B3-1 -> 0.0061486864 | E3: =0.2*$B$3/100 -> 0.1789 | F3: =B3/I3 -> 0.24001825 | G3: =C3-B3 -> 0.55 | I3: ='Portfolio Return'!C3 -> 372.68
A4: 46007 | B4: =C3 -> 90 | C4: 89.9 | D4: =C4/B4-1 -> -0.0011111111 | E4: =0.2*$B$3/100 -> 0.1789 | F4: =B4/I4 -> 0.24175352 | G4: =C4-B4 -> -0.1 | I4: ='Portfolio Return'!C4 -> 372.28
A5: 46008 | B5: =C4 -> 89.9 | C5: 89.9 | D5: =C5/B5-1 -> 0 | E5: =0.2*$B$3/100 -> 0.1789 | F5: =B5/I5 -> 0.2414849 | G5: =C5-B5 -> 0 | I5: ='Portfolio Return'!C5 -> 372.28
A6: 46009 | B6: =C5 -> 89.9 | C6: 89.75 | D6: =C6/B6-1 -> -0.0016685206 | E6: =0.2*$B$3/100 -> 0.1789 | F6: =B6/I6 -> 0.24040647 | G6: =C6-B6 -> -0.15 | I6: ='Portfolio Return'!C6 -> 373.95
A7: 46010 | B7: =C6 -> 89.75 | C7: 90 | D7: =C7/B7-1 -> 0.0027855153 | E7: =0.2*$B$3/100 -> 0.1789 | F7: =B7/I7 -> 0.24016591 | G7: =C7-B7 -> 0.25 | I7: ='Portfolio Return'!C7 -> 373.7
A8: 46013 | B8: =C7 -> 90 | C8: 90 | D8: =C8/B8-1 -> 0 | E8: =0.2*$B$3/100 -> 0.1789 | F8: =B8/I8 -> 0.24124806 | G8: =C8-B8 -> 0 | I8: ='Portfolio Return'!C8 -> 373.06
A9: 46014 | B9: =C8 -> 90 | C9: 90.45 | D9: =C9/B9-1 -> 0.005 | E9: =0.2*$B$3/100 -> 0.1789 | F9: =B9/I9 -> 0.24159777 | G9: =C9-B9 -> 0.45 | I9: ='Portfolio Return'!C9 -> 372.52
A10: 46015 | B10: =C9 -> 90.45 | C10: 90 | D10: =C10/B10-1 -> -0.0049751244 | E10: =0.2*$B$3/100 -> 0.1789 | F10: =B10/I10 -> 0.24315823 | G10: =C10-B10 -> -0.45 | I10: ='Portfolio Return'!C10 -> 371.98
A11: 46016 | B11: =C10 -> 90 | C11: 91.25 | D11: =C11/B11-1 -> 0.013888889 | E11: =0.2*$B$3/100 -> 0.1789 | F11: =B11/I11 -> 0.24133215 | G11: =C11-B11 -> 1.25 | I11: ='Portfolio Return'!C11 -> 372.93
A12: 46017 | B12: =C11 -> 91.25 | C12: 91.95 | D12: =C12/B12-1 -> 0.0076712329 | E12: =0.2*$B$3/100 -> 0.1789 | F12: =B12/I12 -> 0.24367122 | G12: =C12-B12 -> 0.7 | I12: ='Portfolio Return'!C12 -> 374.48
A13: 46020 | B13: =C12 -> 91.95 | C13: =18.45*5 -> 92.25 | D13: =C13/B13-1 -> 0.0032626427 | E13: =C13*0.2/100+E3 -> 0.3634 | F13: =B13/I13 -> 0.24422311 | G13: =C13-B13 -> 0.3 | I13: ='Portfolio Return'!C13 -> 376.5

Sheet UNIMED
A1: Date | B1: Buy Price | C1: Close Price | D1: Return | E1: Broker's fees | F1: Weight | G1: Unrealized Capital Gain/Loss | I1: portfolio value
A3: 46006 | B3: 9.02 | C3: 9 | D3: =C3/B3-1 -> -0.0022172949 | E3: =0.2*$B$3/100 -> 0.01804 | F3: =B3/I3 -> 0.02420307 | G3: =C3-B3 -> -0.02 | I3: ='Portfolio Return'!C3 -> 372.68
A4: 46007 | B4: =C3 -> 9 | C4: 8.9 | D4: =C4/B4-1 -> -0.011111111 | E4: =0.2*$B$3/100 -> 0.01804 | F4: =B4/I4 -> 0.024175352 | G4: =C4-B4 -> -0.1 | I4: ='Portfolio Return'!C4 -> 372.28
A5: 46008 | B5: =C4 -> 8.9 | C5: 8.9 | D5: =C5/B5-1 -> 0 | E5: =0.2*$B$3/100 -> 0.01804 | F5: =B5/I5 -> 0.023906737 | G5: =C5-B5 -> 0 | I5: ='Portfolio Return'!C5 -> 372.28
A6: 46009 | B6: =C5 -> 8.9 | C6: 8.98 | D6: =C6/B6-1 -> 0.008988764 | E6: =0.2*$B$3/100 -> 0.01804 | F6: =B6/I6 -> 0.023799973 | G6: =C6-B6 -> 0.08 | I6: ='Portfolio Return'!C6 -> 373.95
A7: 46010 | B7: =C6 -> 8.98 | C7: 8.9 | D7: =C7/B7-1 -> -0.008908686 | E7: =0.2*$B$3/100 -> 0.01804 | F7: =B7/I7 -> 0.024029971 | G7: =C7-B7 -> -0.08 | I7: ='Portfolio Return'!C7 -> 373.7
A8: 46013 | B8: =C7 -> 8.9 | C8: 9.06 | D8: =C8/B8-1 -> 0.017977528 | E8: =0.2*$B$3/100 -> 0.01804 | F8: =B8/I8 -> 0.023856752 | G8: =C8-B8 -> 0.16 | I8: ='Portfolio Return'!C8 -> 373.06
A9: 46014 | B9: =C8 -> 9.06 | C9: 9 | D9: =C9/B9-1 -> -0.0066225166 | E9: =0.2*$B$3/100 -> 0.01804 | F9: =B9/I9 -> 0.024320842 | G9: =C9-B9 -> -0.06 | I9: ='Portfolio Return'!C9 -> 372.52
A10: 46015 | B10: =C9 -> 9 | C10: 8.9 | D10: =C10/B10-1 -> -0.011111111 | E10: =0.2*$B$3/100 -> 0.01804 | F10: =B10/I10 -> 0.024194849 | G10: =C10-B10 -> -0.1 | I10: ='Portfolio Return'!C10 -> 371.98
A11: 46016 | B11: =C10 -> 8.9 | C11: 8.9 | D11: =C11/B11-1 -> 0 | E11: =0.2*$B$3/100 -> 0.01804 | F11: =B11/I11 -> 0.023865069 | G11: =C11-B11 -> 0 | I11: ='Portfolio Return'!C11 -> 372.93
A12: 46017 | B12: =C11 -> 8.9 | C12: 8.89 | D12: =C12/B12-1 -> -0.0011235955 | E12: =0.2*$B$3/100 -> 0.01804 | F12: =B12/I12 -> 0.023766289 | G12: =C12-B12 -> -0.01 | I12: ='Portfolio Return'!C12 -> 374.48
A13: 46020 | B13: =C12 -> 8.89 | C13: 9.14 | D13: =C13/B13-1 -> 0.028121485 | E13: =C13*0.2/100+E3 -> 0.03632 | F13: =B13/I13 -> 0.023612218 | G13: =C13-B13 -> 0.25 | I13: ='Portfolio Return'!C13 -> 376.5

Sheet AMV
A1: Date | B1: Buy Price | C1: Close Price | D1: Return | E1: Broker's fees | F1: Weight | G1: Unrealized Capital Gain/Loss | I1: portfolio value
A3: 46006 | B3: 40.5 | C3: 40.38 | D3: =C3/B3-1 -> -0.002962963 | E3: =0.2*$B$3/100 -> 0.081 | F3: =B3/I3 -> 0.10867232 | G3: =C3-B3 -> -0.12 | I3: ='Portfolio Return'!C3 -> 372.68
A4: 46007 | B4: =C3 -> 40.38 | C4: 39.9 | D4: =C4/B4-1 -> -0.011887073 | E4: =0.2*$B$3/100 -> 0.081 | F4: =B4/I4 -> 0.10846675 | G4: =C4-B4 -> -0.48 | I4: ='Portfolio Return'!C4 -> 372.28
A5: 46008 | B5: =C4 -> 39.9 | C5: 39.9 | D5: =C5/B5-1 -> 0 | E5: =0.2*$B$3/100 -> 0.081 | F5: =B5/I5 -> 0.10717739 | G5: =C5-B5 -> 0 | I5: ='Portfolio Return'!C5 -> 372.28
A6: 46009 | B6: =C5 -> 39.9 | C6: 40.2 | D6: =C6/B6-1 -> 0.007518797 | E6: =0.2*$B$3/100 -> 0.081 | F6: =B6/I6 -> 0.10669876 | G6: =C6-B6 -> 0.3 | I6: ='Portfolio Return'!C6 -> 373.95
A7: 46010 | B7: =C6 -> 40.2 | C7: 40.8 | D7: =C7/B7-1 -> 0.014925373 | E7: =0.2*$B$3/100 -> 0.081 | F7: =B7/I7 -> 0.10757292 | G7: =C7-B7 -> 0.6 | I7: ='Portfolio Return'!C7 -> 373.7
A8: 46013 | B8: =C7 -> 40.8 | C8: 40.8 | D8: =C8/B8-1 -> 0 | E8: =0.2*$B$3/100 -> 0.081 | F8: =B8/I8 -> 0.10936579 | G8: =C8-B8 -> 0 | I8: ='Portfolio Return'!C8 -> 373.06
A9: 46014 | B9: =C8 -> 40.8 | C9: 40.2 | D9: =C9/B9-1 -> -0.014705882 | E9: =0.2*$B$3/100 -> 0.081 | F9: =B9/I9 -> 0.10952432 | G9: =C9-B9 -> -0.6 | I9: ='Portfolio Return'!C9 -> 372.52
A10: 46015 | B10: =C9 -> 40.2 | C10: 40.5 | D10: =C10/B10-1 -> 0.0074626866 | E10: =0.2*$B$3/100 -> 0.081 | F10: =B10/I10 -> 0.10807033 | G10: =C10-B10 -> 0.3 | I10: ='Portfolio Return'!C10 -> 371.98
A11: 46016 | B11: =C10 -> 40.5 | C11: 40.26 | D11: =C11/B11-1 -> -0.0059259259 | E11: =0.2*$B$3/100 -> 0.081 | F11: =B11/I11 -> 0.10859947 | G11: =C11-B11 -> -0.24 | I11: ='Portfolio Return'!C11 -> 372.93
A12: 46017 | B12: =C11 -> 40.26 | C12: 40.26 | D12: =C12/B12-1 -> 0 | E12: =0.2*$B$3/100 -> 0.081 | F12: =B12/I12 -> 0.10750908 | G12: =C12-B12 -> 0 | I12: ='Portfolio Return'!C12 -> 374.48
A13: 46020 | B13: =C12 -> 40.26 | C13: =6.8*6 -> 40.8 | D13: =C13/B13-1 -> 0.013412817 | E13: =C13*0.2/100+E3 -> 0.1626 | F13: =B13/I13 -> 0.10693227 | G13: =C13-B13 -> 0.54 | I13: ='Portfolio Return'!C13 -> 376.5

Sheet Attijari Bank
A1: Date | B1: Buy Price | C1: Close Price | D1: Return | E1: Broker's fees | F1: Weight | G1: Unrealized Capital Gain/Loss | I1: portfolio value
A3: 46006 | B3: 133.8 | C3: 132 | D3: =C3/B3-1 -> -0.013452915 | E3: =0.2*$B$3/100 -> 0.2676 | F3: =B3/I3 -> 0.35902114 | G3: =C3-B3 -> -1.8 | I3: ='Portfolio Return'!C3 -> 372.68
A4: 46007 | B4: =C3 -> 132 | C4: 132.98 | D4: =C4/B4-1 -> 0.0074242424 | E4: =0.2*$B$3/100 -> 0.2676 | F4: =B4/I4 -> 0.35457183 | G4: =C4-B4 -> 0.98 | I4: ='Portfolio Return'!C4 -> 372.28
A5: 46008 | B5: =C4 -> 132.98 | C5: =132.98 -> 132.98 | D5: =C5/B5-1 -> 0 | E5: =0.2*$B$3/100 -> 0.2676 | F5: =B5/I5 -> 0.35720425 | G5: =C5-B5 -> 0 | I5: ='Portfolio Return'!C5 -> 372.28
A6: 46009 | B6: =C5 -> 132.98 | C6: 132.78 | D6: =C6/B6-1 -> -0.0015039856 | E6: =0.2*$B$3/100 -> 0.2676 | F6: =B6/I6 -> 0.35560904 | G6: =C6-B6 -> -0.2 | I6: ='Portfolio Return'!C6 -> 373.95
A7: 46010 | B7: =C6 -> 132.78 | C7: 131.98 | D7: =C7/B7-1 -> -0.0060250038 | E7: =0.2*$B$3/100 -> 0.2676 | F7: =B7/I7 -> 0.35531175 | G7: =C7-B7 -> -0.8 | I7: ='Portfolio Return'!C7 -> 373.7
A8: 46013 | B8: =C7 -> 131.98 | C8: 131.4 | D8: =C8/B8-1 -> -0.0043946052 | E8: =0.2*$B$3/100 -> 0.2676 | F8: =B8/I8 -> 0.35377687 | G8: =C8-B8 -> -0.58 | I8: ='Portfolio Return'!C8 -> 373.06
A9: 46014 | B9: =C8 -> 131.4 | C9: 131.4 | D9: =C9/B9-1 -> 0 | E9: =0.2*$B$3/100 -> 0.2676 | F9: =B9/I9 -> 0.35273274 | G9: =C9-B9 -> 0 | I9: ='Portfolio Return'!C9 -> 372.52
A10: 46015 | B10: =C9 -> 131.4 | C10: 131.78 | D10: =C10/B10-1 -> 0.002891933 | E10: =0.2*$B$3/100 -> 0.2676 | F10: =B10/I10 -> 0.3532448 | G10: =C10-B10 -> 0.38 | I10: ='Portfolio Return'!C10 -> 371.98
A11: 46016 | B11: =C10 -> 131.78 | C11: 131.78 | D11: =C11/B11-1 -> 0 | E11: =0.2*$B$3/100 -> 0.2676 | F11: =B11/I11 -> 0.3533639 | G11: =C11-B11 -> 0 | I11: ='Portfolio Return'!C11 -> 372.93
A12: 46017 | B12: =C11 -> 131.78 | C12: 133.3 | D12: =C12/B12-1 -> 0.011534375 | E12: =0.2*$B$3/100 -> 0.2676 | F12: =B12/I12 -> 0.3519013 | G12: =C12-B12 -> 1.52 | I12: ='Portfolio Return'!C12 -> 374.48
A13: 46020 | B13: =C12 -> 133.3 | C13: =66.79*2 -> 133.58 | D13: =C13/B13-1 -> 0.0021005251 | E13: =C13*0.2/100+E3 -> 0.53476 | F13: =B13/I13 -> 0.35405046 | G13: =C13-B13 -> 0.28 | I13: ='Portfolio Return'!C13 -> 376.5

Sheet ESSOUKNA
A1: Date | B1: Buy Price | C1: Close Price | D1: Return | E1: Broker's fees | F1: Weight | G1: Unrealized Capital Gain/Loss | I1: portfolio value
A3: 46006 | B3: 3.07 | C3: 3.07 | D3: =C3/B3-1 -> 0 | E3: =0.2*$B$3/100 -> 0.00614 | F3: =B3/I3 -> 0.0082376301 | G3: =C3-B3 -> 0 | I3: ='Portfolio Return'!C3 -> 372.68
A4: 46007 | B4: =C3 -> 3.07 | C4: 3.09 | D4: =C4/B4-1 -> 0.006514658 | E4: =0.2*$B$3/100 -> 0.00614 | F4: =B4/I4 -> 0.0082464811 | G4: =C4-B4 -> 0.02 | I4: ='Portfolio Return'!C4 -> 372.28
A5: 46008 | B5: =C4 -> 3.09 | C5: 3.09 | D5: =C5/B5-1 -> 0 | E5: =0.2*$B$3/100 -> 0.00614 | F5: =B5/I5 -> 0.0083002041 | G5: =C5-B5 -> 0 | I5: ='Portfolio Return'!C5 -> 372.28
A6: 46009 | B6: =C5 -> 3.09 | C6: 3.15 | D6: =C6/B6-1 -> 0.019417476 | E6: =0.2*$B$3/100 -> 0.00614 | F6: =B6/I6 -> 0.0082631368 | G6: =C6-B6 -> 0.06 | I6: ='Portfolio Return'!C6 -> 373.95
A7: 46010 | B7: =C6 -> 3.15 | C7: 3.29 | D7: =C7/B7-1 -> 0.044444444 | E7: =0.2*$B$3/100 -> 0.00614 | F7: =B7/I7 -> 0.0084292213 | G7: =C7-B7 -> 0.14 | I7: ='Portfolio Return'!C7 -> 373.7
A8: 46013 | B8: =C7 -> 3.29 | C8: 3.15 | D8: =C8/B8-1 -> -0.042553191 | E8: =0.2*$B$3/100 -> 0.00614 | F8: =B8/I8 -> 0.0088189567 | G8: =C8-B8 -> -0.14 | I8: ='Portfolio Return'!C8 -> 373.06
A9: 46014 | B9: =C8 -> 3.15 | C9: 3.09 | D9: =C9/B9-1 -> -0.019047619 | E9: =0.2*$B$3/100 -> 0.00614 | F9: =B9/I9 -> 0.0084559218 | G9: =C9-B9 -> -0.06 | I9: ='Portfolio Return'!C9 -> 372.52
A10: 46015 | B10: =C9 -> 3.09 | C10: 3.1 | D10: =C10/B10-1 -> 0.003236246 | E10: =0.2*$B$3/100 -> 0.00614 | F10: =B10/I10 -> 0.0083068982 | G10: =C10-B10 -> 0.01 | I10: ='Portfolio Return'!C10 -> 371.98
A11: 46016 | B11: =C10 -> 3.1 | C11: 3.18 | D11: =C11/B11-1 -> 0.025806452 | E11: =0.2*$B$3/100 -> 0.00614 | F11: =B11/I11 -> 0.008312552 | G11: =C11-B11 -> 0.08 | I11: ='Portfolio Return'!C11 -> 372.93
A12: 46017 | B12: =C11 -> 3.18 | C12: 3.28 | D12: =C12/B12-1 -> 0.031446541 | E12: =0.2*$B$3/100 -> 0.00614 | F12: =B12/I12 -> 0.0084917753 | G12: =C12-B12 -> 0.1 | I12: ='Portfolio Return'!C12 -> 374.48
A13: 46020 | B13: =C12 -> 3.28 | C13: 3.14 | D13: =C13/B13-1 -> -0.042682927 | E13: =C13*0.2/100+E3 -> 0.01242 | F13: =B13/I13 -> 0.0087118194 | G13: =C13-B13 -> -0.14 | I13: ='Portfolio Return'!C13 -> 376.5

Sheet SMART TUNISIE
A1: Date | B1: Buy Price | C1: Close Price | D1: Return | E1: Broker's fees | F1: Weight | G1: Unrealized Capital Gain/Loss | I1: portfolio value
A3: 46006 | B3: 18.58 | C3: 18.58 | D3: =C3/B3-1 -> 0 | E3: =0.2*$B$3/100 -> 0.03716 | F3: =B3/I3 -> 0.049855104 | G3: =C3-B3 -> 0 | I3: ='Portfolio Return'!C3 -> 372.68
A4: 46007 | B4: =C3 -> 18.58 | C4: 18.31 | D4: =C4/B4-1 -> -0.014531755 | E4: =0.2*$B$3/100 -> 0.03716 | F4: =B4/I4 -> 0.049908671 | G4: =C4-B4 -> -0.27 | I4: ='Portfolio Return'!C4 -> 372.28
A5: 46008 | B5: =C4 -> 18.31 | C5: 18.31 | D5: =C5/B5-1 -> 0 | E5: =0.2*$B$3/100 -> 0.03716 | F5: =B5/I5 -> 0.04918341 | G5: =C5-B5 -> 0 | I5: ='Portfolio Return'!C5 -> 372.28
A6: 46009 | B6: =C5 -> 18.31 | C6: 18.99 | D6: =C6/B6-1 -> 0.037138176 | E6: =0.2*$B$3/100 -> 0.03716 | F6: =B6/I6 -> 0.048963765 | G6: =C6-B6 -> 0.68 | I6: ='Portfolio Return'!C6 -> 373.95
A7: 46010 | B7: =C6 -> 18.99 | C7: 18.9 | D7: =C7/B7-1 -> -0.0047393365 | E7: =0.2*$B$3/100 -> 0.03716 | F7: =B7/I7 -> 0.050816163 | G7: =C7-B7 -> -0.09 | I7: ='Portfolio Return'!C7 -> 373.7
A8: 46013 | B8: =C7 -> 18.9 | C8: 19 | D8: =C8/B8-1 -> 0.0052910053 | E8: =0.2*$B$3/100 -> 0.03716 | F8: =B8/I8 -> 0.050662092 | G8: =C8-B8 -> 0.1 | I8: ='Portfolio Return'!C8 -> 373.06
A9: 46014 | B9: =C8 -> 19 | C9: 19 | D9: =C9/B9-1 -> 0 | E9: =0.2*$B$3/100 -> 0.03716 | F9: =B9/I9 -> 0.051003973 | G9: =C9-B9 -> 0 | I9: ='Portfolio Return'!C9 -> 372.52
A10: 46015 | B10: =C9 -> 19 | C10: 18.95 | D10: =C10/B10-1 -> -0.0026315789 | E10: =0.2*$B$3/100 -> 0.03716 | F10: =B10/I10 -> 0.051078015 | G10: =C10-B10 -> -0.05 | I10: ='Portfolio Return'!C10 -> 371.98
A11: 46016 | B11: =C10 -> 18.95 | C11: 18.9 | D11: =C11/B11-1 -> -0.0026385224 | E11: =0.2*$B$3/100 -> 0.03716 | F11: =B11/I11 -> 0.050813826 | G11: =C11-B11 -> -0.05 | I11: ='Portfolio Return'!C11 -> 372.93
A12: 46017 | B12: =C11 -> 18.9 | C12: 18.95 | D12: =C12/B12-1 -> 0.0026455026 | E12: =0.2*$B$3/100 -> 0.03716 | F12: =B12/I12 -> 0.050469985 | G12: =C12-B12 -> 0.05 | I12: ='Portfolio Return'!C12 -> 374.48
A13: 46020 | B13: =C12 -> 18.95 | C13: 18.93 | D13: =C13/B13-1 -> -0.001055409 | E13: =C13*0.2/100+E3 -> 0.07502 | F13: =B13/I13 -> 0.050332005 | G13: =C13-B13 -> -0.02 | I13: ='Portfolio Return'!C13 -> 376.5
